Model,Accuracy,Precision,Recall,F1,AUC
LogisticRegression,0.9680455783998019,0.9680455783998019,1.0,0.983763373190686,0.48060626978648446
RandomForest,0.9680455783998019,0.9680455783998019,1.0,0.983763373190686,0.6683447985844977
XGBoost,0.9680455783998019,0.9680455783998019,1.0,0.983763373190686,0.6693842088976696
